日期,标题,涉及方,涉及方类型,细分行业,行业类型,链接
17分钟前,“链之巅国际区块链周·上海站-链上人才峰会”在沪圆满举行,“,其他,人才,媒体,http://www.ceh.com.cn/syzx/1294502.shtml
30分钟前,"牧牛区块链能维持多久,牧牛区块链研究院是合法的吗",牧牛,其他,研究院,科研,http://www.ydhacker.com/hotnews/2020/0831/0S1560H552020.html
51分钟前,中国区块链平台Neo宣布加入Coinbase的开源项目Rosetta,中国,地区,平台,BaaS,https://baijiahao.baidu.com/s?id=1676520700161750922&amp;wfr=spider&amp;for=pc
55分钟前,前端匿名后端可溯公益金使用可指定 深圳福彩将引入区块链技术,深圳,地区,前端,待定,http://www.sznews.com/news/content/2020-08/31/content_23507717.htm
55分钟前,有关区块链验证的哲学,有关,其他,有关,待定,https://baijiahao.baidu.com/s?id=1676520446638587224&amp;wfr=spider&amp;for=pc
1小时前,...了建设银行E存托原型设计项目 已取得多项基于区块链的软件著作权,建设银行,建设银行,.,待定,https://baijiahao.baidu.com/s?id=1676520062664224423&amp;wfr=spider&amp;for=pc
1小时前,德方智链入选区块链金融科技领先100强,德,其他,金融科技,数字科技,http://finance.ifeng.com/c/7zNnPewrhXV
1小时前,苏州高铁新城:政府搭台 为区块链投融资“铺路架桥”,苏州,地区,苏州,待定,https://baijiahao.baidu.com/s?id=1676518371441604426&amp;wfr=spider&amp;for=pc
1小时前,Deepcoin 入选区块链金融科技领先 100 强,Deepcoin,其他,金融科技,数字科技,http://biz.ifeng.com/c/7zNjU77Xvdn
2小时前,“区块链+数字政务”的应用分析,“,其他,政务,政务,https://baijiahao.baidu.com/s?id=1676515797007844680&amp;wfr=spider&amp;for=pc
2小时前,热博RB88体育区块链技术加持即将上线泰达币USDT支付方式,热,其他,热,待定,http://www.sjyx.com/news/704062.html
3小时前,B圈的夏天|庄济勇 :区块链将对所有产业进行升级重构,B,其他,产业,政策,https://www.jinse.com/news/blockchain/803096.html
3小时前,“大咖”齐聚南昌共商区块链发展,南昌,地区,“,待定,http://www.jingji.com.cn/shtml/digitaleconomy/Blockchain/140938.html
3小时前,区块链文博:BTC-08.31-周末主流回春现象意喻着怎么样的后市?,区块链,其他,BTC,公链,https://www.jinse.com/news/blockchain/803072.html
3小时前,区块链技术:新趋势与新应用,区块链,其他,区块链,待定,http://www.ciotimes.com/blockchain/193927.html
3小时前,中国贸易金融跨行交易区块链平台(CTFU)应用投产,中国,地区,贸易,数字科技,http://www.cet.com.cn/wzsy/ycxw/2642219.shtml
4小时前,链向科技:湖南省物流与采购联合会区块链应用分会在长沙成立,科技,其他科技公司,物流,物流,https://www.jinse.com/news/blockchain/802964.html
4小时前,"玳鸽:7地推出“监管沙盒”,涉及区块链项目达18项",玳,其他,玳,待定,https://baijiahao.baidu.com/s?id=1676506076172621164&amp;wfr=spider&amp;for=pc
4小时前,"建行数字人民币上线测试,RCP提前布局共享区块链红利",建行,其他,建行,待定,https://www.jinse.com/news/blockchain/802942.html
5小时前,西安市区块链技术应用协会理事会单位轮值会议在纸贵科技顺利召开,西安市,地区,西安市,待定,https://www.jinse.com/news/blockchain/802908.html
5小时前,"BTCA比特安引领全球智能化数字交易平台,开创下一个区块链风口",BTCA,其他,BTCA,待定,https://baijiahao.baidu.com/s?id=1676504727043142023&amp;wfr=spider&amp;for=pc
5小时前,"区块链比特币孔夫子:大盘走势大好,月末上冲开始",区块链,其他,比特币,公链,https://baijiahao.baidu.com/s?id=1676503758243345899&amp;wfr=spider&amp;for=pc
5小时前,链博科技“区块链+产业”链改系列报告12,科技,其他科技公司,产业,政策,http://www.jingji.com.cn/shtml/qyzx/140788.html
5小时前,贵州:区块链金融激活文化企业,贵州,地区,金融,数字科技,https://baijiahao.baidu.com/s?id=1676503446837614109&amp;wfr=spider&amp;for=pc
5小时前,中银协联合五大行共建中国贸易金融跨行交易区块链平台,中国,地区,贸易,数字科技,https://baijiahao.baidu.com/s?id=1676502683943877627&amp;wfr=spider&amp;for=pc
5小时前,中银协联合五大行共建中国贸易金融跨行交易区块链平台,中银,其他,贸易,数字科技,https://baijiahao.baidu.com/s?id=1676502683943877627&amp;wfr=spider&amp;for=pc
5小时前,韩国信息安全局首次引入区块链员工移动ID,韩国,地区,韩国,待定,https://baijiahao.baidu.com/s?id=1676502048377866528&amp;wfr=spider&amp;for=pc
5小时前,蔡进:区块链的发展开始进入到与产业深度融合的新阶段,蔡,其他,产业,政策,http://www.chinawuliu.com.cn/lhhzq/202008/31/524372.shtml
5小时前,蔡进出席第三届中国产业区块链峰会,中国,地区,产业,政策,http://www.chinawuliu.com.cn/lhhzq/202008/31/524354.shtml
6小时前,贵州贵阳:基于区块链的社会治理探索,贵州,地区,贵州,待定,https://baijiahao.baidu.com/s?id=1676502462310717399&amp;wfr=spider&amp;for=pc
6小时前,推动区块链技术在食品药品领域创新应用 2020中国食品药品区块链...,中国,地区,推动,待定,http://www.rmzxb.com.cn/c/2020-08-31/2655613.shtml
6小时前,阶段性的整理未来的比特币未来价值会区块链应用落地,阶段性,其他,比特币,公链,https://www.jinse.com/news/blockchain/802790.html
6小时前,区块链8月31日早间报道:YFI创始人称DeFi繁荣不可持续,区块链,其他,DeFi,数字科技,https://baijiahao.baidu.com/s?id=1676499278580192959&amp;wfr=spider&amp;for=pc
14小时前,南天信息:公司正在不动产、再保险、银行等领域探索实施区块链应用,南,其他,南,待定,https://baijiahao.baidu.com/s?id=1676468204413898284&amp;wfr=spider&amp;for=pc
2020年08月30日 21:41,"首都规划相关文件:深化区块链等新技术应用,提高精准防疫水平",首都,其他,防疫,政务,https://baijiahao.baidu.com/s?id=1676457915740771642&amp;wfr=spider&amp;for=pc
2020年08月30日 18:44,中粮启动区块链+供应链服务平台,中粮,其他,供应链,供应链,https://www.jinse.com/news/blockchain/802526.html
2020年08月30日 16:32,“区块链+政务服务”平台助力山东自贸试验区济南片区构建整体性...,山东,地区,政务,政务,https://baijiahao.baidu.com/s?id=1676438983733838679&amp;wfr=spider&amp;for=pc
2020年08月30日 15:34,区块链与数字货币分野:一个新的开始,区块链,其他,货币,公链,https://baijiahao.baidu.com/s?id=1676434862207743856&amp;wfr=spider&amp;for=pc
2020年08月30日 14:22,牧牛区块链金小雅:区块链培训市场乱象丛生 牧牛区块链研究院独树...,牧牛,其他,培训,其他,https://www.jinse.com/news/blockchain/802332.html
2020年08月30日 14:14,欧科云链打造区块链“天眼方案” 助力产业健康发展,欧,其他,产业,政策,https://new.qq.com/omn/20200830/20200830A08SUE00.html
2020年08月30日 13:33,"币安速度引领区块链发展,BNB即将对标以太坊",币,其他,币,待定,https://hea.china.com/article/20200830/082020_591045.html
2020年08月30日 13:07,"成都区块链业态完整, 技术、运营、安全应有尽有",成都,地区,安全,数字科技,https://www.jinse.com/news/blockchain/802306.html
2020年08月30日 12:59,普华永道中国合伙季瑞华:区块链的创新与颠覆|2020新区势峰会,中国,地区,峰会,媒体,https://baijiahao.baidu.com/s?id=1676425164581178004&amp;wfr=spider&amp;for=pc
2020年08月30日 12:13,"2020新区势峰会精彩回顾,预见“金融科技+区块链”的下一站",2020,其他,峰会,媒体,https://baijiahao.baidu.com/s?id=1676422269485074275&amp;wfr=spider&amp;for=pc
2020年08月30日 10:28,币安赋能区块链与实业深度结合,币,其他,币,待定,https://baijiahao.baidu.com/s?id=1676415604443698900&amp;wfr=spider&amp;for=pc
2020年08月30日 08:35,区块链隐私保护成棘手问题 POFID为解题提出新思路,区块链,其他,区块链,待定,https://www.jinse.com/news/blockchain/802092.html
2020年08月30日 07:45,腾讯5000亿元布局新基建建设数据中心、云计算、人工智能、区块链...,腾讯,腾讯,新基建,政策,https://www.yuncaijing.com/news/id_14613508.html
2020年08月30日 02:33,"OKex:BSN推出第二批官方指定区块链应用,北京数字货币研究中心成立",北京,地区,货币,公链,http://www.cnforex.com/comment/html/2020/8/30/fab2a621e8612b480365e7da09578ce1.html
2020年08月30日 00:00,迪拜免税区将通过区块链弥合阿联酋与印度的农贸障碍,印度,地区,迪拜,待定,https://new.qq.com/omn/20200830/20200830A09BKF00.html
2020年08月30日 00:00,"区块链+无人机,业绩增长,主力扫货26.99万手强势封板涨停",区块链,其他,区块链,待定,https://new.qq.com/omn/20200830/20200830A0GXEI00.html
2020年08月29日 23:15,"币安积极推进慈善事业,为“区块链”打上温暖的标签",币,其他,币,待定,http://news.ls520.net/syxx/20200829/43760.html
2020年08月29日 22:24,"长沙市印发新基建行动计划,强调推进区块链技术集成应用",长沙市,地区,新基建,政策,https://baijiahao.baidu.com/s?id=1676370127830754278&amp;wfr=spider&amp;for=pc
2020年08月29日 21:40,全国政协常委蔡威:强化区块链等技术在公共卫生领域的应用,全国政协,其他,全国政协,待定,https://baijiahao.baidu.com/s?id=1676367316261602668&amp;wfr=spider&amp;for=pc
2020年08月29日 21:22,"量子计算来了,区块链还安全吗?Paydex有话说",量子,其他,安全,数字科技,https://www.jinse.com/news/blockchain/801922.html
2020年08月29日 21:01,990量化云:马上来了解一下人工智能下的区块链,990,其他,990,待定,https://www.jinse.com/news/blockchain/801896.html
2020年08月29日 19:49,"华尔街新动向:远离区块链,追逐加密货币",华尔街,其他,货币,公链,http://www.fortunechina.com/shangye/c/2020-08/29/content_375824.htm
2020年08月29日 18:36,区块链——在新基建下的新使命,区块链,其他,新基建,政策,https://baijiahao.baidu.com/s?id=1676355745676181845&amp;wfr=spider&amp;for=pc
2020年08月29日 18:35,“非一线”城市们的区块链好奇心,“,其他,“,待定,https://new.qq.com/omn/20200829/20200829A0IRZR00.html
2020年08月29日 18:28,钟惟德:区块链技术可以实现临床和实验数据的共享,钟,其他,钟,待定,https://www.jinse.com/news/blockchain/801820.html
2020年08月29日 18:23,终结互联网的达尔摩斯之剑——区块链,终结,其他,终结,待定,https://www.jinse.com/news/blockchain/801804.html
2020年08月29日 18:08,"幸福上链,NAT开启区块链生态新篇章",幸福,其他,幸福,待定,https://baijiahao.baidu.com/s?id=1676353948392882806&amp;wfr=spider&amp;for=pc
2020年08月29日 17:24,"以太坊作为区块链2.0时代的代表,必然带动币圈,你开始挖币了么?",以太,其他,币圈,公链,https://www.jinse.com/news/blockchain/801740.html
2020年08月29日 16:41,天平ICH数字资产交易所——隐藏着下一个区块链的财富密码,天平,其他,天平,待定,https://www.jinse.com/news/blockchain/801683.html
2020年08月29日 16:00,湖南省物联区块链应用分会在长沙成立,湖南省,地区,湖南省,待定,"http://news.cnstock.com/industry,rdjj-202008-4585665.htm"
2020年08月29日 15:53,第三届中国产业区块链峰会在长沙召开,中国,地区,产业,政策,https://baijiahao.baidu.com/s?id=1676345587895108526&amp;wfr=spider&amp;for=pc
2020年08月29日 15:51,科蓝软件:公司主要研究区块链和分布式账本技术及其应用,科,其他,科,待定,https://baijiahao.baidu.com/s?id=1676345943460415214&amp;wfr=spider&amp;for=pc
2020年08月29日 15:42,姚尚坤:区块链与大数据安全强强 联合才有防火墙,姚,其他,姚,待定,http://www.dzwww.com/xinwen/jishixinwen/202008/t20200829_6494935.htm
2020年08月29日 14:16,雄安新区:区块链“链上”未来数字之城,雄安,地区,雄安,待定,http://www.thepaper.cn/newsDetail_forward_8942621
2020年08月29日 12:46,「医链集团」区块链+医疗的探索先行之路,「,其他,医疗,医疗健康,http://36kr.com/p/5272216.html
2020年08月29日 12:06,未来“链爱”之“后记”|马方业:把区块链送进我们的生命里!,未来,其他,未来,待定,https://baijiahao.baidu.com/s?id=1676332449792429945&amp;wfr=spider&amp;for=pc
2020年08月29日 11:40,"让区块链实现海量存储,「物缘科技」为供应链金融提供更安全可信的...",科技,其他科技公司,存储,数字存证,http://36kr.com/p/5271841.html
2020年08月29日 00:00,区块链技术服务于税收治理的深圳实践,深圳,地区,区块链,待定,https://new.qq.com/omn/20200829/20200829A0HMOJ00.html
2020年08月28日 22:25,盛大公链——建设区块链与新兴技术深度融合智慧医疗发展应用,盛大,其他,公链,公链,https://baijiahao.baidu.com/s?id=1676279546683733140&amp;wfr=spider&amp;for=pc
2020年08月28日 21:57,第三届中国产业区块链峰会在长沙召开 食品追溯相关区块链标准发布,中国,地区,产业,政策,https://baijiahao.baidu.com/s?id=1676279920788086507&amp;wfr=spider&amp;for=pc
2020年08月28日 21:55,2020年1-7月我省区块链技术专利排行榜发布!,2020,其他,专利,科研,https://baijiahao.baidu.com/s?id=1676277625612137261&amp;wfr=spider&amp;for=pc
2020年08月28日 21:42,成都区块链安全工程技术研究中心揭牌,成都,地区,安全,数字科技,https://baijiahao.baidu.com/s?id=1676277094976990398&amp;wfr=spider&amp;for=pc
2020年08月28日 19:46,中信银行陈志明:区块链技术的创新应用是不可逆的大趋势|2020新...,中信银行,其他,中信银行,待定,https://baijiahao.baidu.com/s?id=1676269564709434397&amp;wfr=spider&amp;for=pc
2020年08月28日 19:13,"梵蜜琳“底色”:微商拉人抽成“狂欢”,准备做区块链",梵,其他,梵,待定,https://baijiahao.baidu.com/s?id=1676272814490741663&amp;wfr=spider&amp;for=pc
2020年08月28日 17:55,「万向区块链小课堂」区块链行业大事件梳理,万向,万向区块链,「,待定,https://baijiahao.baidu.com/s?id=1676262564427765558&amp;wfr=spider&amp;for=pc
2020年08月28日 17:49,数字资产区块链:一场新的货币革命与趋势,数字,其他,货币,公链,https://baijiahao.baidu.com/s?id=1676262106643559817&amp;wfr=spider&amp;for=pc
2020年08月28日 17:47,"香港环球基金正式宣布战略投资韭菜时代,打造区块链产业新纪元",香港,地区,投资,政策,https://baijiahao.baidu.com/s?id=1676262011424779001&amp;wfr=spider&amp;for=pc
2020年08月28日 17:40,联动数科地方金融非现场监管区块链系统正式发布,联动,其他,金融,数字科技,https://baijiahao.baidu.com/s?id=1676261150078470582&amp;wfr=spider&amp;for=pc
2020年08月28日 16:47,北京首台运用区块链等技术的自助服务终端海淀投用,北京,地区,北京,待定,https://baijiahao.baidu.com/s?id=1676261733612175350&amp;wfr=spider&amp;for=pc
2020年08月28日 16:41,"Ultra打造全新区块链游戏分销平台,8月27日上线Btmx.io",Ultra,其他,游戏,游戏,https://baijiahao.baidu.com/s?id=1676257869576237150&amp;wfr=spider&amp;for=pc
2020年08月28日 16:36,2020.8.28区块链数字货币大动作,2020,其他,货币,公链,https://baijiahao.baidu.com/s?id=1676257580315203996&amp;wfr=spider&amp;for=pc
2020年08月28日 16:32,"加佳科技亮相产业区块链峰会,荣获“2020中国产业区块链创新奖”",科技,其他科技公司,产业,政策,https://baijiahao.baidu.com/s?id=1676257629917146695&amp;wfr=spider&amp;for=pc
2020年08月28日 15:41,火币朱嘉伟:区块链——新基建定位下的新使命|2020新区势,火币,火币,新基建,政策,https://baijiahao.baidu.com/s?id=1676254224264004913&amp;wfr=spider&amp;for=pc
2020年08月28日 15:34,"中央推进区块链应用于社会救助,数字人民币将在冬奥会上使用",中央,其他,中央,待定,https://baijiahao.baidu.com/s?id=1676253638457011985&amp;wfr=spider&amp;for=pc
2020年08月28日 15:21,北京首台运用区块链等新技术的自助服务终端亮相海淀政务服务中心,北京,地区,政务,政务,https://baijiahao.baidu.com/s?id=1676253236080956130&amp;wfr=spider&amp;for=pc
2020年08月28日 15:20,山东开展优秀区块链解决方案及“链+”试点示范项目评选,山东,地区,山东,待定,https://baijiahao.baidu.com/s?id=1676254054301068356&amp;wfr=spider&amp;for=pc
2020年08月28日 15:12,"山东开展优秀区块链解决方案及“链+”试点示范项目评选,具体要",山东,地区,山东,待定,https://baijiahao.baidu.com/s?id=1676252313994506714&amp;wfr=spider&amp;for=pc
2020年08月28日 15:00,头部券商纷纷进军区块链 广发证券创下3个行业第一_广发证券(SZ...,头部,其他,头部,待定,http://guba.sina.com.cn/?bid=808&amp;s=thread&amp;tid=286275
2020年08月28日 14:53,关于开展山东省优秀区块链解决方案及“链+” 试点示范项目评选...,山东省,地区,关于,待定,https://baijiahao.baidu.com/s?id=1676256009049970106&amp;wfr=spider&amp;for=pc
2020年08月28日 14:51,"北京区块链方案17次提及企业,徐明星携欧科云链全面赋能产业落地",北京,地区,产业,政策,https://baijiahao.baidu.com/s?id=1676250971413533455&amp;wfr=spider&amp;for=pc
2020年08月28日 14:48,"投入5万买矿机,一月后平台崩盘!这是区块链技术还是庞氏骗局?",投入,其他,矿,公链,https://baijiahao.baidu.com/s?id=1676250764169926569&amp;wfr=spider&amp;for=pc
2020年08月28日 14:18,BSN发展联盟秘书长谭敏:在BSN上开发区块链应用的成本低至1500元,BSN,其他,联盟,联盟与合作,https://baijiahao.baidu.com/s?id=1676254050611262161&amp;wfr=spider&amp;for=pc
2020年08月28日 14:05,点融入围2020中国产业区块链优秀终评案例,中国,地区,产业,政策,https://baijiahao.baidu.com/s?id=1676248042762008268&amp;wfr=spider&amp;for=pc
2020年08月28日 14:01,数秦科技CEO俞学劢:杭州有引育区块链人才的天然优势,科技,其他科技公司,人才,媒体,https://baijiahao.baidu.com/s?id=1676248085680379420&amp;wfr=spider&amp;for=pc
2020年08月28日 13:50,重磅|波卡第一DeFi平台!Acala揽获15家头部区块链风投基金支持,重磅,其他,DeFi,数字科技,https://baijiahao.baidu.com/s?id=1676247178207257219&amp;wfr=spider&amp;for=pc
2020年08月28日 13:21,"合规与破圈,2020绝对是矿业黄金时代的起点|2020全球区块链算力大会",合规,其他,大会,媒体,https://baijiahao.baidu.com/s?id=1676245367158136315&amp;wfr=spider&amp;for=pc
2020年08月28日 12:14,当“区块链”遇上政务服务 企业开办最短用时35分钟,当,其他,政务,政务,https://3g.163.com/news/article_cambrian/FL48PHR80539AT47.html
2020年08月28日 11:56,全国首个区块链知识产权基地落户成都高新区,成都,地区,基地,政策,https://baijiahao.baidu.com/s?id=1676240008065164415&amp;wfr=spider&amp;for=pc
2020年08月28日 11:34,区块链技术在军事领域的应用前景三,区块链,其他,区块链,待定,https://baijiahao.baidu.com/s?id=1676238565947141844&amp;wfr=spider&amp;for=pc
2020年08月28日 11:12,NGK探索“区块链+” 颠覆传统游戏产业生态,NGK,其他,游戏,游戏,https://baijiahao.baidu.com/s?id=1676237208112598797&amp;wfr=spider&amp;for=pc
2020年08月28日 10:57,"区块链+电子驾照!韩国已注册100万人,北京、江苏6地正在落实!",韩国,地区,区块链,待定,https://baijiahao.baidu.com/s?id=1676236235727547870&amp;wfr=spider&amp;for=pc
2020年08月28日 10:55,"比特币区块链挖矿,区块链技术将来的发展趋向",比特币,其他,比特币,公链,https://baijiahao.baidu.com/s?id=1676236091406235242&amp;wfr=spider&amp;for=pc
2020年08月28日 10:50,"usdt承兑跑分系统开发,区块链支付跑分系统搭建",usdt,其他,usdt,待定,https://baijiahao.baidu.com/s?id=1676235828421457077&amp;wfr=spider&amp;for=pc
2020年08月28日 10:41,"干货|区块链+Programmable,我们选择的数据流通方案",干货,其他,干货,待定,https://baijiahao.baidu.com/s?id=1676235232612322140&amp;wfr=spider&amp;for=pc
2020年08月28日 10:28,火龙果财经:区块链让数字金融的基础设施日益夯实,火龙果,其他,金融,数字科技,https://baijiahao.baidu.com/s?id=1676234441644586912&amp;wfr=spider&amp;for=pc
2020年08月28日 10:27,"国内首发分布式数字身份白皮书,七城“监管沙盒”区块链占三成",国内,其他,白皮书,其他,https://baijiahao.baidu.com/s?id=1676234370375455297&amp;wfr=spider&amp;for=pc
2020年08月28日 10:26,LINE 推出数字钱包和区块链平台来运行 Dapps 和令牌,LINE,其他,平台,BaaS,https://baijiahao.baidu.com/s?id=1676234265010045990&amp;wfr=spider&amp;for=pc
2020年08月28日 10:26,四川省区块链行业协会副会长:成都区块链发展正处在一个重大的...,四川省,地区,四川省,待定,https://baijiahao.baidu.com/s?id=1676236936807482844&amp;wfr=spider&amp;for=pc
2020年08月28日 10:01,“区块链应用操作员”国标编制工作正式启动,“,其他,“,待定,https://baijiahao.baidu.com/s?id=1676232684401941666&amp;wfr=spider&amp;for=pc
2020年08月28日 09:52,华为区块链首席战略官张小军:未来华为希望在区块链领域与成都加强...,华为,华为,华为,待定,https://baijiahao.baidu.com/s?id=1676236935167036892&amp;wfr=spider&amp;for=pc
2020年08月28日 09:30,签约、揭牌、分享、路演……今年首场线下菁蓉汇勾勒区块链行业...,签约,其他,签约,待定,https://baijiahao.baidu.com/s?id=1676230888119217910&amp;wfr=spider&amp;for=pc
2020年08月28日 09:28,成都区块链企业数量达266家 成都市2019年区块链年度报告发布,成都,地区,成都,待定,https://baijiahao.baidu.com/s?id=1676230759079946221&amp;wfr=spider&amp;for=pc
2020年08月28日 08:25,美国助理司法部长:区块链技术会对美政府反垄断工作产生重大影响,美国,地区,美国,待定,https://baijiahao.baidu.com/s?id=1676231649836484464&amp;wfr=spider&amp;for=pc
2020年08月28日 08:24,人民日报:涵盖多场景“区块链+政务”应用前景广阔,人民日报,其他,政务,政务,https://baijiahao.baidu.com/s?id=1676231844372153967&amp;wfr=spider&amp;for=pc
2020年08月28日 08:17,区块链技术助力法治建设的多重路径,区块链,其他,区块链,待定,https://baijiahao.baidu.com/s?id=1676227075567960961&amp;wfr=spider&amp;for=pc
2020年08月28日 08:07,成都区块链产业发展如何?这份报告透露“家底”,成都,地区,产业,政策,https://baijiahao.baidu.com/s?id=1676228289893418171&amp;wfr=spider&amp;for=pc
2020年08月28日 07:20,全国首个区块链知识产权基地落户成都,成都,地区,基地,政策,http://sc.people.com.cn/BIG5/n2/2020/0828/c379471-34256109.html
2020年08月28日 07:13,区块链应用操作员国标开发启动 初稿计划于今年9月份出炉,区块链,其他,区块链,待定,https://baijiahao.baidu.com/s?id=1676222464817092500&amp;wfr=spider&amp;for=pc
2020年08月28日 04:24,陀螺产业区块链第三季 | 基于区块链的重庆市电子处方流转平台,重庆市,地区,产业,政策,http://dy.163.com/v2/article/detail/FL3DSRRO0519SVGF.html
2020年08月28日 04:09,百度在线网络技术(北京)有限公司新增数条区块链相关专利,百度,百度,专利,科研,https://baijiahao.baidu.com/s?id=1676210762358970612&amp;wfr=spider&amp;for=pc
2020年08月28日 03:10,"小米高管曝光,正在研究区块链新基建,原来不止华为、okex在布局",华为,华为,新基建,政策,https://baijiahao.baidu.com/s?id=1676206847293133246&amp;wfr=spider&amp;for=pc
2020年08月28日 01:03,华为申请了一项新的区块链专利,华为,华为,专利,科研,https://baijiahao.baidu.com/s?id=1676198865503960034&amp;wfr=spider&amp;for=pc
2020年08月28日 00:00,"区块链助力农业,东南亚农户启用小金库钱包",区块链,其他,农业,其他,https://www.mbachina.com/html/cjzx/197001/250942.html
2020年08月27日 17:03,链向研究|区块链+体育:育正气健体魄 让运动更快乐,链,其他,链,待定,https://baijiahao.baidu.com/s?id=1676168693656539052&amp;wfr=spider&amp;for=pc
2020年08月27日 15:47,“链”上成都 全国首个区块链知识产权基地落地,成都,地区,基地,政策,https://baijiahao.baidu.com/s?id=1676169355449111452&amp;wfr=spider&amp;for=pc
2020年08月27日 11:20,OK区块链60讲 | 第45集:比特币与区块链的发展,OK,其他,比特币,公链,http://tech.sina.com.cn/i/2020-08-27/doc-iivhuipp0954169.shtml
2020年08月26日 10:51,大咖说丨邓建鹏:法治是区块链企业最好的营商环境,大,其他,大,待定,https://baijiahao.baidu.com/s?id=1676054660279938305&amp;wfr=spider&amp;for=pc
2020年08月25日 23:37,"既有前途又有“钱”途!新基建浪潮之下,区块链成就业新风口|稳就业...",既有,其他,新基建,政策,https://baijiahao.baidu.com/s?id=1676048925726450150&amp;wfr=spider&amp;for=pc
2020年08月25日 15:38,区块链技术之联盟链的诞生,区块链,其他,联盟,联盟与合作,https://baijiahao.baidu.com/s?id=1675982127305959329&amp;wfr=spider&amp;for=pc
2020年08月25日 00:00,区块链技术可提高数据可信性和安全性,区块链,其他,区块链,待定,https://www.ndrc.gov.cn/xxgk/jd/wsdwhfz/202008/t20200825_1236734.html
2020年08月24日 15:48,京东区块链,京东,京东,京东,待定,http://www.ebrun.com/dsk/198.shtml
2020年08月24日 08:40,密码学专家来学嘉:区块链让密码学从“赔钱”变“值钱”,密码学,其他,密码学,待定,https://baijiahao.baidu.com/s?id=1675865531354354875&amp;wfr=spider&amp;for=pc
2020年08月23日 23:00,区块链技术之简介,区块链,其他,区块链,待定,https://baijiahao.baidu.com/s?id=1675802141199790791&amp;wfr=spider&amp;for=pc
2020年08月23日 20:43,马方业:区块链就是新未来 区块链就是新财富,马,其他,马,待定,https://baijiahao.baidu.com/s?id=1675823149491792649&amp;wfr=spider&amp;for=pc
2020年08月23日 15:10,新加坡AG Delta成立区块链项目WIN投资基金会,新加坡,地区,投资,政策,https://www.jinse.com/news/blockchain/794427.html
2020年08月23日 14:06,区块链:技术与应用的复合体,区块链,其他,区块链,待定,https://baijiahao.baidu.com/s?id=1675795155249313728&amp;wfr=spider&amp;for=pc
2020年08月23日 08:51,成都将投建全国首个以区块链算力为特色的区块链产业园,成都,地区,成都,待定,https://baijiahao.baidu.com/s?id=1675775374960201906&amp;wfr=spider&amp;for=pc
2020年08月23日 08:51,成都将投建全国首个以区块链算力为特色的区块链产业园,成都,地区,成都,待定,https://www.iyiou.com/p/131780.html
2020年08月23日 08:00,区块链与人工智能的融合,区块链,其他,区块链,待定,https://baijiahao.baidu.com/s?id=1675708601622382882&amp;wfr=spider&amp;for=pc
2020年08月23日 07:33,全国首个以区块链算力为特色的区块链产业园落户成都,成都,地区,全国,待定,http://scnews.newssc.org/system/20200823/001098386.html
2020年08月22日 21:15,"央企首家区块链专业科技公司一周年,这些“一”很给力",科技,其他科技公司,央,待定,https://baijiahao.baidu.com/s?id=1675731523340089441&amp;wfr=spider&amp;for=pc
2020年08月22日 19:15,周晋峰于江北新区全球区块链高峰论坛上的致辞——区块链将是公益...,江北,地区,公益,公益,http://www.thepaper.cn/newsDetail_forward_8842328
2020年08月22日 17:05,智汇八方丨重庆区块链数字经济产业园发力 助推区块链技术融合发展,重庆,地区,智,待定,http://www.thepaper.cn/newsDetail_forward_8844258
2020年08月22日 16:48,刘洋:跨境支付的效率困境与区块链赋能、生态构建,刘,其他,刘,待定,https://tech.sina.com.cn/roll/2020-08-22/doc-iivhuipp0090188.shtml
2020年08月22日 15:59,区块链大时代国家推举数字货币你有了解到吗,区块链,其他,货币,公链,https://www.jinse.com/news/blockchain/793704.html
2020年08月22日 15:54,欧科云链研究院:从中美对比谈国内区块链人才培养,欧,其他,研究院,科研,https://tech.china.com/article/20200822/082020_585748.html
2020年08月22日 15:39,赵猛:区块链全球化发展新机会,赵,其他,赵,待定,https://baijiahao.baidu.com/s?id=1675710370148414140&amp;wfr=spider&amp;for=pc
2020年08月22日 15:38,区块链也可以用在工业领域,区块链,其他,区块链,待定,https://www.jinse.com/news/blockchain/793671.html
2020年08月22日 14:25,alokex金牌商务教你一分钟了解区块链,alokex,其他,alokex,待定,https://www.jinse.com/news/blockchain/793576.html
2020年08月22日 11:15,搭乘区块链列车 开启婴配粉安全探索之旅,搭乘,其他,安全,数字科技,https://baijiahao.baidu.com/s?id=1675693811952920620&amp;wfr=spider&amp;for=pc
2020年08月21日 16:17,"新基建下,区块链的价值链接之路",新基建,其他,新基建,政策,https://baijiahao.baidu.com/s?id=1675621851467013319&amp;wfr=spider&amp;for=pc
2020年08月21日 14:57,中驰区块链获国雄资本千万元天使轮融资,中,其他,融资,供应链金融,http://field.10jqka.com.cn/20200821/c623033256.shtml
2020年08月21日 00:00,"2020年超10000家新公司成立,中国区块链持续发力",中国,地区,2020,待定,https://new.qq.com/omn/20200821/20200821A0301E00.html?pc
2020年08月20日 21:59,"以区块链为基础平台,构建一个去中心化的互联网",以,其他,平台,BaaS,https://baijiahao.baidu.com/s?id=1675553085412238797&amp;wfr=spider&amp;for=pc
2020年08月20日 17:14,区块链:想像之中的未来生活,区块链,其他,区块链,待定,https://baijiahao.baidu.com/s?id=1675535200222187064&amp;wfr=spider&amp;for=pc
2020年08月20日 16:14,蒋国飞:区块链的核心能力在于链接产业 在数字经济中“修路”,蒋,其他,产业,政策,https://baijiahao.baidu.com/s?id=1675531723713161636&amp;wfr=spider&amp;for=pc
2020年08月20日 15:08,蒋国飞:区块链是未来十年最有颠覆性的科技之一,科技,其他科技公司,蒋,待定,https://baijiahao.baidu.com/s?id=1675527455203597176&amp;wfr=spider&amp;for=pc
2020年08月20日 11:28,喜报|空间企业高山科技入选腾讯区块链加速器全球32强,科技,其他科技公司,喜报,待定,https://baijiahao.baidu.com/s?id=1675274618282229138&amp;wfr=spider&amp;for=pc
